<?xml version="1.0" encoding="UTF-8"?>
<project-private xmlns="http://www.netbeans.org/ns/project-private/1">
    <editor-bookmarks xmlns="http://www.netbeans.org/ns/editor-bookmarks/2" lastBookmarkId="0"/>
    <open-files xmlns="http://www.netbeans.org/ns/projectui-open-files/2">
        <group>
            <file>file:/C:/Users/oolba/Documents/versao5.1/ProjetoPOO/src/Classes/LogA.java</file>
            <file>file:/C:/Users/oolba/Documents/versao5.1/ProjetoPOO/src/Classes/Agropecuario.java</file>
            <file>file:/C:/Users/oolba/Documents/versao5.1/ProjetoPOO/src/Classes/MenuIn.java</file>
            <file>file:/C:/Users/oolba/Documents/versao5.1/ProjetoPOO/src/Classes/Painel.java</file>
            <file>file:/C:/Users/oolba/Documents/versao5.1/ProjetoPOO/src/Classes/CadA.java</file>
            <file>file:/C:/Users/oolba/Documents/versao5.1/ProjetoPOO/src/Classes/Experimente.java</file>
        </group>
    </open-files>
</project-private>
